類型,行號,緯度,經度,位置描述,距離本島
離島,1. 第 2 行: 座標 (24.428328, 118.248571) 在台灣範圍外,24.428328,118.248571,金門地區,268.2公里
離島,11. 第 17 行: 座標 (26.0, 121.051297) 在台灣範圍外,26.000000,121.051297,釣魚台地區,245.9公里
離島,42. 第 2040 行: 座標 (23.5665, 119.5724) 在台灣範圍外,23.566500,119.572400,澎湖地區,127.7公里
離島,43. 第 2045 行: 座標 (23.568, 119.5658) 在台灣範圍外,23.568000,119.565800,澎湖地區,128.3公里
離島,44. 第 2048 行: 座標 (23.5702, 119.581) 在台灣範圍外,23.570200,119.581000,澎湖地區,126.7公里
離島,45. 第 2049 行: 座標 (23.5704, 119.5665) 在台灣範圍外,23.570400,119.566500,澎湖地區,128.2公里
離島,46. 第 2051 行: 座標 (23.5715, 119.5805) 在台灣範圍外,23.571500,119.580500,澎湖地區,126.8公里
離島,47. 第 2052 行: 座標 (23.5725, 119.569) 在台灣範圍外,23.572500,119.569000,澎湖地區,127.9公里
離島,48. 第 2056 行: 座標 (23.5736, 119.5697) 在台灣範圍外,23.573600,119.569700,澎湖地區,127.8公里
離島,49. 第 2057 行: 座標 (23.5739, 119.5817) 在台灣範圍外,23.573900,119.581700,澎湖地區,126.6公里
離島,50. 第 2058 行: 座標 (23.5739, 119.6496) 在台灣範圍外,23.573900,119.649600,澎湖地區,119.8公里
離島,51. 第 2063 行: 座標 (23.5749, 119.5746) 在台灣範圍外,23.574900,119.574600,澎湖地區,127.3公里
離島,52. 第 2078 行: 座標 (23.5784, 119.5737) 在台灣範圍外,23.578400,119.573700,澎湖地區,127.3公里
離島,53. 第 2082 行: 座標 (23.5799, 119.5811) 在台灣範圍外,23.579900,119.581100,澎湖地區,126.5公里
離島,54. 第 2084 行: 座標 (23.5817, 119.6626) 在台灣範圍外,23.581700,119.662600,澎湖地區,118.3公里
離島,55. 第 2088 行: 座標 (23.5828, 119.6419) 在台灣範圍外,23.582800,119.641900,澎湖地區,120.4公里
離島,56. 第 2090 行: 座標 (23.5834, 119.5719) 在台灣範圍外,23.583400,119.571900,澎湖地區,127.3公里
離島,57. 第 2091 行: 座標 (23.584, 119.6202) 在台灣範圍外,23.584000,119.620200,澎湖地區,122.5公里
離島,58. 第 2092 行: 座標 (23.584, 119.6526) 在台灣範圍外,23.584000,119.652600,澎湖地區,119.3公里
離島,59. 第 2093 行: 座標 (23.5846, 119.6537) 在台灣範圍外,23.584600,119.653700,澎湖地區,119.2公里
離島,60. 第 2095 行: 座標 (23.5854, 119.669) 在台灣範圍外,23.585400,119.669000,澎湖地區,117.6公里
離島,61. 第 2099 行: 座標 (23.5872, 119.6425) 在台灣範圍外,23.587200,119.642500,澎湖地區,120.2公里
離島,62. 第 2111 行: 座標 (23.5945, 119.6082) 在台灣範圍外,23.594500,119.608200,澎湖地區,123.5公里
離島,63. 第 2112 行: 座標 (23.5951, 119.6164) 在台灣範圍外,23.595100,119.616400,澎湖地區,122.6公里
離島,64. 第 2116 行: 座標 (23.5975, 119.6139) 在台灣範圍外,23.597500,119.613900,澎湖地區,122.8公里
離島,65. 第 2119 行: 座標 (23.5985, 119.6692) 在台灣範圍外,23.598500,119.669200,澎湖地區,117.3公里
離島,66. 第 2128 行: 座標 (23.6003, 119.6697) 在台灣範圍外,23.600300,119.669700,澎湖地區,117.2公里
離島,67. 第 2166 行: 座標 (23.626177, 119.595268) 在台灣範圍外,23.626177,119.595268,澎湖地區,124.2公里
離島,68. 第 2175 行: 座標 (23.6315, 119.5228) 在台灣範圍外,23.631500,119.522800,澎湖地區,131.4公里
離島,69. 第 2178 行: 座標 (23.6324, 119.5137) 在台灣範圍外,23.632400,119.513700,澎湖地區,132.3公里
離島,70. 第 2181 行: 座標 (23.6348, 119.5222) 在台灣範圍外,23.634800,119.522200,澎湖地區,131.4公里
離島,71. 第 2183 行: 座標 (23.6358, 119.5246) 在台灣範圍外,23.635800,119.524600,澎湖地區,131.1公里
離島,72. 第 2192 行: 座標 (23.6382, 119.5312) 在台灣範圍外,23.638200,119.531200,澎湖地區,130.4公里
離島,73. 第 2193 行: 座標 (23.6388, 119.5313) 在台灣範圍外,23.638800,119.531300,澎湖地區,130.4公里
離島,74. 第 2205 行: 座標 (23.6429, 119.5163) 在台灣範圍外,23.642900,119.516300,澎湖地區,131.8公里
離島,75. 第 2215 行: 座標 (23.648238, 119.59875) 在台灣範圍外,23.648238,119.598750,澎湖地區,123.4公里
離島,76. 第 2222 行: 座標 (23.6527, 119.5174) 在台灣範圍外,23.652700,119.517400,澎湖地區,131.6公里
離島,77. 第 2224 行: 座標 (23.6541, 119.5166) 在台灣範圍外,23.654100,119.516600,澎湖地區,131.6公里
離島,79. 第 3082 行: 座標 (24.0, 118.0) 在台灣範圍外,24.000000,118.000000,金門地區,285.5公里
離島,80. 第 3752 行: 座標 (24.274, 118.271) 在台灣範圍外,24.274000,118.271000,金門地區,262.2公里
離島,81. 第 3762 行: 座標 (24.282, 118.24) 在台灣範圍外,24.282000,118.240000,金門地區,265.4公里
離島,82. 第 3763 行: 座標 (24.282, 118.245) 在台灣範圍外,24.282000,118.245000,金門地區,264.9公里
離島,83. 第 3764 行: 座標 (24.284, 118.232) 在台灣範圍外,24.284000,118.232000,金門地區,266.3公里
離島,84. 第 3765 行: 座標 (24.284, 118.253) 在台灣範圍外,24.284000,118.253000,金門地區,264.2公里
離島,85. 第 3769 行: 座標 (24.291, 118.245) 在台灣範圍外,24.291000,118.245000,金門地區,265.1公里
離島,86. 第 3779 行: 座標 (24.303, 118.242) 在台灣範圍外,24.303000,118.242000,金門地區,265.7公里
離島,87. 第 3794 行: 座標 (24.311, 118.245) 在台灣範圍外,24.311000,118.245000,金門地區,265.6公里
離島,88. 第 3852 行: 座標 (24.40212, 118.305944) 在台灣範圍外,24.402120,118.305944,金門地區,261.8公里
離島,89. 第 3853 行: 座標 (24.40212, 118.305944) 在台灣範圍外,24.402120,118.305944,金門地區,261.8公里
離島,90. 第 3855 行: 座標 (24.412637, 118.295323) 在台灣範圍外,24.412637,118.295323,金門地區,263.2公里
離島,91. 第 3856 行: 座標 (24.414884, 118.32855) 在台灣範圍外,24.414884,118.328550,金門地區,260.0公里
離島,92. 第 3857 行: 座標 (24.4154, 118.226) 在台灣範圍外,24.415400,118.226000,金門地區,270.1公里
離島,93. 第 3858 行: 座標 (24.416677, 118.436256) 在台灣範圍外,24.416677,118.436256,金門地區,249.5公里
離島,94. 第 3859 行: 座標 (24.417848, 118.30989) 在台灣範圍外,24.417848,118.309890,金門地區,261.9公里
離島,95. 第 3870 行: 座標 (24.42601, 118.445281) 在台灣範圍外,24.426010,118.445281,金門地區,248.9公里
離島,96. 第 3873 行: 座標 (24.4279, 118.2322) 在台灣範圍外,24.427900,118.232200,金門地區,269.8公里
離島,97. 第 3874 行: 座標 (24.429, 118.2429) 在台灣範圍外,24.429000,118.242900,金門地區,268.8公里
離島,98. 第 3877 行: 座標 (24.42986, 118.315222) 在台灣範圍外,24.429860,118.315222,金門地區,261.7公里
離島,99. 第 3878 行: 座標 (24.432741, 118.320608) 在台灣範圍外,24.432741,118.320608,金門地區,261.3公里
離島,100. 第 3879 行: 座標 (24.435134, 118.331873) 在台灣範圍外,24.435134,118.331873,金門地區,260.2公里
離島,101. 第 3880 行: 座標 (24.4353, 118.2383) 在台灣範圍外,24.435300,118.238300,金門地區,269.4公里
離島,102. 第 3881 行: 座標 (24.435813, 118.414545) 在台灣範圍外,24.435813,118.414545,金門地區,252.2公里
離島,103. 第 3883 行: 座標 (24.439013, 118.390023) 在台灣範圍外,24.439013,118.390023,金門地區,254.7公里
離島,104. 第 3884 行: 座標 (24.441506, 118.416876) 在台灣範圍外,24.441506,118.416876,金門地區,252.1公里
離島,105. 第 3885 行: 座標 (24.441569, 118.416754) 在台灣範圍外,24.441569,118.416754,金門地區,252.2公里
離島,106. 第 3886 行: 座標 (24.442463, 118.460286) 在台灣範圍外,24.442463,118.460286,金門地區,248.0公里
離島,107. 第 3887 行: 座標 (24.443575, 118.414691) 在台灣範圍外,24.443575,118.414691,金門地區,252.4公里
離島,108. 第 3890 行: 座標 (24.4467, 118.2518) 在台灣範圍外,24.446700,118.251800,金門地區,268.4公里
離島,109. 第 3894 行: 座標 (24.449053, 118.340234) 在台灣範圍外,24.449053,118.340234,金門地區,259.8公里
離島,110. 第 3895 行: 座標 (24.450889, 118.354268) 在台灣範圍外,24.450889,118.354268,金門地區,258.5公里
離島,111. 第 3896 行: 座標 (24.4509, 118.3349) 在台灣範圍外,24.450900,118.334900,金門地區,260.4公里
離島,112. 第 3897 行: 座標 (24.455146, 118.372922) 在台灣範圍外,24.455146,118.372922,金門地區,256.8公里
離島,113. 第 3898 行: 座標 (24.457343, 118.32665) 在台灣範圍外,24.457343,118.326650,金門地區,261.4公里
離島,114. 第 3899 行: 座標 (24.458058, 118.305473) 在台灣範圍外,24.458058,118.305473,金門地區,263.5公里
離島,115. 第 3918 行: 座標 (24.477772, 118.31223) 在台灣範圍外,24.477772,118.312230,金門地區,263.4公里
離島,116. 第 3924 行: 座標 (24.4889, 118.4132) 在台灣範圍外,24.488900,118.413200,金門地區,254.0公里
離島,119. 第 5947 行: 座標 (26.1409, 119.9311) 在台灣範圍外,26.140900,119.931100,馬祖地區,274.6公里
離島,120. 第 5948 行: 座標 (26.1525, 119.9428) 在台灣範圍外,26.152500,119.942800,馬祖地區,275.5公里
離島,121. 第 5949 行: 座標 (26.1541, 119.9551) 在台灣範圍外,26.154100,119.955100,馬祖地區,275.3公里
離島,122. 第 5950 行: 座標 (26.155, 119.9533) 在台灣範圍外,26.155000,119.953300,馬祖地區,275.4公里
離島,123. 第 5951 行: 座標 (26.1551, 119.9575) 在台灣範圍外,26.155100,119.957500,馬祖地區,275.3公里
離島,124. 第 5952 行: 座標 (26.1591, 119.9254) 在台灣範圍外,26.159100,119.925400,馬祖地區,276.7公里
離島,125. 第 5953 行: 座標 (26.1601, 119.9551) 在台灣範圍外,26.160100,119.955100,馬祖地區,275.9公里
離島,126. 第 5954 行: 座標 (26.1605, 119.9494) 在台灣範圍外,26.160500,119.949400,馬祖地區,276.1公里
離島,127. 第 5955 行: 座標 (26.205717, 119.969141) 在台灣範圍外,26.205717,119.969141,馬祖地區,280.3公里
離島,128. 第 5956 行: 座標 (26.215342, 119.974369) 在台灣範圍外,26.215342,119.974369,馬祖地區,281.2公里
離島,129. 第 5957 行: 座標 (26.223545, 119.997023) 在台灣範圍外,26.223545,119.997023,馬祖地區,281.4公里
離島,130. 第 5958 行: 座標 (26.223712, 120.007001) 在台灣範圍外,26.223712,120.007001,馬祖地區,281.1公里
離島,131. 第 5959 行: 座標 (26.224023, 119.980487) 在台灣範圍外,26.224023,119.980487,馬祖地區,281.9公里
離島,132. 第 5960 行: 座標 (26.225534, 119.997413) 在台灣範圍外,26.225534,119.997413,馬祖地區,281.6公里
離島,133. 第 5961 行: 座標 (26.227096, 119.996627) 在台灣範圍外,26.227096,119.996627,馬祖地區,281.8公里
離島,134. 第 5962 行: 座標 (26.234607, 119.993381) 在台灣範圍外,26.234607,119.993381,馬祖地區,282.7公里
離島,135. 第 5963 行: 座標 (26.366913, 120.487955) 在台灣範圍外,26.366913,120.487955,馬祖地區,287.2公里
離島,136. 第 5964 行: 座標 (26.367919, 120.488451) 在台灣範圍外,26.367919,120.488451,馬祖地區,287.3公里
離島,137. 第 5965 行: 座標 (26.368364, 120.487894) 在台灣範圍外,26.368364,120.487894,馬祖地區,287.3公里
海上,2. 第 4 行: 座標 (24.98, 119.47) 在台灣範圍外,24.980000,119.470000,海上遠離陸地,217.3公里
海上,3. 第 5 行: 座標 (24.988739, 119.453178) 在台灣範圍外,24.988739,119.453178,海上遠離陸地,218.8公里
海上,4. 第 10 行: 座標 (25.956666, 119.977206) 在台灣範圍外,25.956666,119.977206,海上遠離陸地,178.3公里
海上,5. 第 11 行: 座標 (25.961848, 119.985351) 在台灣範圍外,25.961848,119.985351,海上遠離陸地,177.8公里
海上,6. 第 12 行: 座標 (25.97828, 119.932125) 在台灣範圍外,25.978280,119.932125,海上遠離陸地,183.4公里
海上,7. 第 13 行: 座標 (25.972438, 119.944922) 在台灣範圍外,25.972438,119.944922,海上遠離陸地,182.0公里
海上,8. 第 14 行: 座標 (25.969995, 119.933712) 在台灣範圍外,25.969995,119.933712,海上遠離陸地,182.9公里
海上,9. 第 15 行: 座標 (25.970819, 119.933934) 在台灣範圍外,25.970819,119.933934,海上遠離陸地,182.9公里
海上,10. 第 16 行: 座標 (25.957484, 119.97711) 在台灣範圍外,25.957484,119.977110,海上遠離陸地,178.4公里
海上,12. 第 28 行: 座標 (27.0, 119.752122) 在台灣範圍外,27.000000,119.752122,海上遠離陸地,264.1公里
海上,13. 第 33 行: 座標 (26.870923, 121.011554) 在台灣範圍外,26.870923,121.011554,海上遠離陸地,184.3公里
海上,14. 第 34 行: 座標 (26.87753, 121.065984) 在台灣範圍外,26.877530,121.065984,海上遠離陸地,183.3公里
海上,15. 第 35 行: 座標 (26.886062, 121.085281) 在台灣範圍外,26.886062,121.085281,海上遠離陸地,183.7公里
海上,16. 第 36 行: 座標 (26.888575, 121.130215) 在台灣範圍外,26.888575,121.130215,海上遠離陸地,182.8公里
海上,17. 第 37 行: 座標 (26.890879, 121.007673) 在台灣範圍外,26.890879,121.007673,海上遠離陸地,186.5公里
海上,18. 第 38 行: 座標 (26.894742, 121.078766) 在台灣範圍外,26.894742,121.078766,海上遠離陸地,184.8公里
海上,19. 第 39 行: 座標 (26.896771, 121.117328) 在台灣範圍外,26.896771,121.117328,海上遠離陸地,184.0公里
海上,20. 第 40 行: 座標 (26.898658, 121.06181) 在台灣範圍外,26.898658,121.061810,海上遠離陸地,185.7公里
海上,21. 第 41 行: 座標 (26.908939, 121.054326) 在台灣範圍外,26.908939,121.054326,海上遠離陸地,187.0公里
海上,22. 第 42 行: 座標 (26.915734, 121.02689) 在台灣範圍外,26.915734,121.026890,海上遠離陸地,188.6公里
海上,23. 第 43 行: 座標 (26.921813, 121.079829) 在台灣範圍外,26.921813,121.079829,海上遠離陸地,187.7公里
海上,24. 第 44 行: 座標 (26.92647, 121.031521) 在台灣範圍外,26.926470,121.031521,海上遠離陸地,189.6公里
海上,25. 第 78 行: 座標 (21.201237, 120.237198) 在台灣範圍外,21.201237,120.237198,海上遠離陸地,88.4公里
海上,26. 第 245 行: 座標 (22.555905, 118.569662) 在台灣範圍外,22.555905,118.569662,海上遠離陸地,244.5公里
海上,27. 第 605 行: 座標 (22.702543, 119.464848) 在台灣範圍外,22.702543,119.464848,海上遠離陸地,170.2公里
海上,28. 第 693 行: 座標 (22.764013, 0.0) 在台灣範圍外,22.764013,0.000000,海上遠離陸地,6061.7公里
海上,29. 第 792 行: 座標 (22.866835, 0.0) 在台灣範圍外,22.866835,0.000000,海上遠離陸地,6052.3公里
海上,30. 第 810 行: 座標 (22.8845, 0.0) 在台灣範圍外,22.884500,0.000000,海上遠離陸地,6050.7公里
海上,31. 第 1381 行: 座標 (23.193387, 119.425916) 在台灣範圍外,23.193387,119.425916,海上遠離陸地,209.6公里
海上,32. 第 1390 行: 座標 (23.202412, 119.428683) 在台灣範圍外,23.202412,119.428683,海上遠離陸地,210.1公里
海上,33. 第 1391 行: 座標 (23.2025, 119.4286) 在台灣範圍外,23.202500,119.428600,海上遠離陸地,210.2公里
海上,34. 第 1395 行: 座標 (23.2056, 119.4335) 在台灣範圍外,23.205600,119.433500,海上遠離陸地,210.1公里
海上,35. 第 1396 行: 座標 (23.2058, 119.4295) 在台灣範圍外,23.205800,119.429500,海上遠離陸地,210.4公里
海上,36. 第 1400 行: 座標 (23.2069, 119.4286) 在台灣範圍外,23.206900,119.428600,海上遠離陸地,210.5公里
海上,37. 第 1404 行: 座標 (23.211, 119.4376) 在台灣範圍外,23.211000,119.437600,海上遠離陸地,210.2公里
海上,38. 第 1405 行: 座標 (23.211082, 119.437357) 在台灣範圍外,23.211082,119.437357,海上遠離陸地,210.3公里
海上,39. 第 1408 行: 座標 (23.2135, 119.4287) 在台灣範圍外,23.213500,119.428700,海上遠離陸地,211.1公里
海上,40. 第 1411 行: 座標 (23.2148, 119.4294) 在台灣範圍外,23.214800,119.429400,海上遠離陸地,211.1公里
海上,41. 第 1613 行: 座標 (23.361206, 119.496973) 在台灣範圍外,23.361206,119.496973,海上遠離陸地,219.2公里
海上,78. 第 3022 行: 座標 (23.982156, 117.874241) 在台灣範圍外,23.982156,117.874241,海上遠離陸地,385.6公里
海上,117. 第 5945 行: 座標 (25.5234, 120.5472) 在台灣範圍外,25.523400,120.547200,海上遠離陸地,108.6公里
海上,118. 第 5946 行: 座標 (25.7717, 117.8236) 在台灣範圍外,25.771700,117.823600,海上遠離陸地,382.5公里
海上,138. 第 5966 行: 座標 (26.871407, 121.004719) 在台灣範圍外,26.871407,121.004719,海上遠離陸地,184.6公里
海上,139. 第 5967 行: 座標 (26.876735, 121.105768) 在台灣範圍外,26.876735,121.105768,海上遠離陸地,182.1公里
海上,140. 第 5968 行: 座標 (26.882838, 121.029795) 在台灣範圍外,26.882838,121.029795,海上遠離陸地,185.0公里
海上,141. 第 5969 行: 座標 (26.898771, 121.095164) 在台灣範圍外,26.898771,121.095164,海上遠離陸地,184.8公里
海上,142. 第 5970 行: 座標 (26.900275, 121.024039) 在台灣範圍外,26.900275,121.024039,海上遠離陸地,187.0公里
海上,143. 第 5971 行: 座標 (26.905677, 121.064953) 在台灣範圍外,26.905677,121.064953,海上遠離陸地,186.4公里
海上,144. 第 5972 行: 座標 (26.908804, 121.082269) 在台灣範圍外,26.908804,121.082269,海上遠離陸地,186.2公里
海上,145. 第 5973 行: 座標 (26.933159, 121.045155) 在台灣範圍外,26.933159,121.045155,海上遠離陸地,189.9公里
